name,mode,type
qgyh2,0,0
EatSleepJeep,0,0
Dacvak,0,0
IKingJeremy,0,0
krispykrackers,0,0
doug3465,0,0
Ooer,0,0
careless,0,0
Factran,0,0
Kylde,0,0
douglasmacarthur,0,0
girafa,0,0
spladug,0,0
DaedalusMinion,0,0
wemtastic,0,0
davidreiss666,0,0
Burnage,0,0
brtw,0,0
ManWithoutModem,0,0
Daleeburg,0,0
Thumperings,0,0
Ulvund,0,0
MockDeath,0,0
MillenniumFalc0n,0,0
nix0n,0,0
gen3ric,0,0
darmon,0,0
evilnight,0,0
HiFructoseCornFeces,0,0
ContentWithOurDecay,0,0
cmd102,0,0
TheCourageWolf,0,0
jaxspider,0,0
RyanKinder,0,0
Shigofumi,0,0
bossgalaga,0,0
drumcowski,0,0
Xenophon1,0,0
atomichugbot,0,0
bhrossman,0,0
rhiever,0,0
kinda_alone,0,0
razorsheldon,0,0
Roastmasters,0,0
jedberg,0,0
gadgets,1,1
sports,1,1
gaming,1,1
pics,1,1
worldnews,1,1
videos,1,1
AskReddit,1,1
aww,1,1
Music,1,1
funny,1,1
news,1,1
movies,1,1
blog,1,1
books,1,1
history,1,1
food,1,1
philosophy,1,1
television,1,1
Jokes,1,1
Art,1,1
DIY,1,1
space,1,1
Documentaries,1,1
askscience,1,1
nottheonion,1,1
todayilearned,1,1
personalfinance,1,1
gifs,1,1
listentothis,1,1
IAmA,1,1
announcements,1,1
TwoXChromosomes,1,1
creepy,1,1
nosleep,1,1
GetMotivated,1,1
WritingPrompts,1,1
LifeProTips,1,1
EarthPorn,1,1
explainlikeimfive,1,1
Showerthoughts,1,1
Futurology,1,1
photoshopbattles,1,1
mildlyinteresting,1,1
dataisbeautiful,1,1
tifu,1,1
OldSchoolCool,1,1
UpliftingNews,1,1
InternetIsBeautiful,1,1
science,1,1
